CONTENTID,CONTENTNAME
646590,一年级语文周周练（5）.docx
646667,二年级语文周周练（2）.docx
646740,三年级语文周周练（3）.docx
646816,四年级语文周周练（2）.docx
646876,五年级语文周周练（2）.docx
646935,六年级语文周周练（4）.docx
662547,初中英语易混词汇辨析.pdf
668622,中考英语20套经典写作模板.pdf
668623,英语作文万能写作模板.pdf
672223,初一数学思维导图.doc
672241,初三历史思维导图.docx
691421,高中语文易错知识清单.pdf
691453,高中3500词汇思维导图版.pdf
691454,三角函数-知识点大全.pdf
691459,高中状元物理知识点详细总结.pdf
697167,高一数学期中知识点汇总.docx
697211,高二数学期中知识点汇总.docx
700846,天才在左疯子在右完整版.pdf
706241,中考语文状元笔记（198页）.pdf
744976,生物易错题汇总.doc
744982,01考场作文备考攻略-初中语文写作能力培养及作文系统升级解读.pdf
744983,七年级下册古诗文默写-备战2024年中考语文古诗文默写背诵复习（全国通用）解析版.pdf
744984,七年级上册古诗文默写-备战2024年中考语文古诗文默写背诵复习（全国通用）解析版.pdf
744985,九年级上册古诗文默写-备战2024年中考语文古诗文默写背诵复习（全国通用）解析版.pdf
744986,八年级上册古诗文默写-备战2024年中考语文古诗文默写背诵复习（全国通用）解析版.pdf
744987,九年级下册古诗文默写-备战2024年中考语文古诗文默写背诵复习（全国通用）解析版.pdf
744988,八年级下册古诗文默写-备战2024年中考语文古诗文默写背诵复习（全国通用）解析版.pdf
761247,初一数学公式定理汇总.doc
772787,初二英语下学期期中知识点汇总.docx
772790,初一英语下学期期中知识点汇总WmJn.docx
772792,初一历史下学期期中知识点汇总.docx
772797,初一政治下学期期中知识点汇总HjJ8.docx
772798,中考语文知识归纳总结.docx
772800,初一语文下学期期中知识汇总EgSD.docx
772813,初一生物下学期期中知识点汇总.docx
772846,高中数学知识点汇总.docx
774505,利息、纳税、盈亏应用题mPvw.pdf
774506,简单应用题u8j2.pdf
774509,鸡兔同笼、牛吃草应用题GaMC.pdf
775789,五六年级小升初小学语法66页X762.pdf
775983,人教版初中英语单词全册.pdf
777147,初中物理秒杀口诀.docx
778998,八年级下册物理知识点汇总mqHg.doc
778999,七年级下册数学知识点汇总Mjnx.docx
780079,初中生物讲义(全套).pdf
780091,初中物理资料汇总.pdf
780724,初中数学答题模板.pdf
780752,12.28初中地理思维导图（无水印）.docx
780765,初中物理实验！全部都在这里（可打印）.pdf
782217,八年级知识点汇总（1）G4Wv.pdf
782225,八年级知识点汇总（2）zpm6.pdf
782240,九年级知识点汇总（1）0O6V.pdf
782253,九年级知识点汇总（2）aJSp.pdf
782263,初一数学公式定理汇总MZ3G.doc
782281,九年级知识点汇总（2）z91k.pdf
782307,初中物理公式总结大全.doc
782779,语文预习方法.docx
783113,初中生物知识点全面总结.pdf
785768,（超详）初中历史考点清单.pdf
785769,【物理】初中考点大全.pdf
787242,高中地理答题模版.pdf
787243,高中政治答题模版.pdf
787244,高中历史答题模版.pdf
787245,高中化学答题模版.pdf
787246,高中生物答题模板.pdf
787247,高中英语答题模板.pdf
787248,高中语文答题模板.pdf
787249,高中数学答题模版.pdf
787250,高中物理答题模版.pdf
927100,初中英语作文范文大全.pdf
1108482,初中物理300个易错知识点梳理.pdf
1280966,数--珍藏笔记199页.pdf
1280970,语--珍藏笔记173页.pdf
1281314,初中历史专题知识汇编.pdf
1281320,（超详）初中物理考点清单.pdf
1527148,一年级（下）期中语文测试卷.doc
1527150,五年级（下）期中语文测试卷.doc
1527151,五年级下册期中数学试卷.doc
1527152,二年级（下）期中语文测试卷.doc
1527153,四年级下册期中数学试卷.doc
1527154,六年级下册期中数学试卷.doc
1527156,三年级（下）期中语文测试卷.doc
1527160,四年级（下）期中语文测试卷.doc
1527161,六年级（下）期中语文测试卷.doc
1527163,三年级下册期中数学试卷.doc
1534496,三年级下册期中知识点DwgV.docx
1534499,五年级下册期中知识点JNAZ.docx
1534500,四年级下册期中知识点EBc8.docx
1534501,二年级下册期中知识点GtKI.docx
1536951,六年级下册期中知识点iZQo.docx
1539399,小学数学思维训练100题.pdf
1564027,小学数学思维训练100题JmaH.docx
1567334,语文三年级必背课文xQ8c.docx
1567369,文学常识习题（下）8ieY.pdf
1567370,文学常识习题（上）ovle.pdf
1578525,3年级下册数学知识点+答案pKdf.docx
1595920,小学语文学霸笔记（1-6年级全不分上下）.pdf
1636135,物理易错题汇总6tZn.doc
1636223,【语文】语文文言文138个词义GGFx.pdf
1642438,2024年中考物理模拟试卷.docx